Order_ID,Order_Date,Customer_ID,Product_ID,Quantity_Ordered,Payment_Method,Region
ORD-1000,2024-01-01,CUST-202,PROD_06,1.0,Bank Transfer,EU
ORD-1001,2024-03-30,CUST-192,PROD_05,1.0,PayPal,APAC
ORD-1002,2024-01-14,CUST-114,PROD_04,3.0,CC,europe
ORD-1003,2024-03-04,CUST-206,PROD_06,1.0,Cash on Delivery,NA
ORD-1004,2024-02-07,CUST-171,PROD_01,1.0,nan,NA
ORD-1005,2024-02-06,CUST-120,PROD_10,1.0,wire transfer,north america
ORD-1006,2024-01-11,CUST-202,PROD_01,1.0,Credit Card,APAC
ORD-1007,2024-04-09,CUST-221,PROD_04,1.0,Bank Transfer,NA
ORD-1008,2024-03-17,CUST-174,PROD_999,1.0,Cash on Delivery,nan
ORD-1009,2024-04-16,CUST-187,PROD_09,2.0,wire transfer,Europe
ORD-1010,2024-01-03,CUST-216,PROD_04,5.0,wire transfer,APAC
ORD-1011,2024-02-02,CUST-199,PROD_03,2.0,PalPay,Asia-Pacific
ORD-1012,2024-01-06,CUST-203,PROD_01,3.0,nan,north america
ORD-1013,2024-02-19,CUST-230,PROD_08,1.0,PayPal,NA
ORD-1014,2024-04-29,CUST-249,PROD_01,1.0,wire transfer,north america
ORD-1015,2024-01-10,CUST-152,PROD_06,3.0,CC,Asia-Pacific
ORD-1016,2024-01-05,CUST-101,INVALID_ID,1.0,Cash on Delivery,EU
ORD-1017,2024-01-23,CUST-187,PROD_02,2.0,credit card,EU
ORD-1018,2024-01-10,CUST-137,PROD_10,2.0,credit card,APAC
ORD-1019,2024-02-13,CUST-229,INVALID_ID,2.0,Bank Transfer,Asia-Pacific
ORD-1020,2024-01-02,CUST-120,PROD_01,1.0,COD,N. America
ORD-1021,2024-01-13,CUST-157,PROD_10,1.0,PayPal,N. America
ORD-1022,2024-02-09,CUST-121,PROD_06,2.0,COD,APAC
ORD-1023,2024-01-02,CUST-188,PROD_999,1.0,wire transfer,North America
ORD-1024,2024-03-24,CUST-148,PROD_07,3.0,Cash on Delivery,north america
ORD-1025,2024-03-05,CUST-158,PROD_08,3.0,Bank Transfer,north america
ORD-1026,2024-03-03,CUST-114,PROD_07,,paypal,EU
ORD-1027,2024-04-10,CUST-150,PROD_10,1.0,wire transfer,N. America
ORD-1028,2024-03-13,CUST-207,PROD_09,4.0,PayPal,nan
ORD-1029,2024-01-17,CUST-154,PROD_06,2.0,credit card,asia
ORD-1030,2024-01-09,CUST-163,PROD_10,1.0,nan,NA
ORD-1031,2024-03-15,CUST-230,PROD_03,1.0,PalPay,NA
ORD-1032,2024-01-15,CUST-150,PROD_02,3.0,Cash on Delivery,NA
ORD-1033,2024-01-24,CUST-234,PROD_02,1.0,Credit Card,EU
ORD-1034,2024-02-07,CUST-120,PROD_04,1.0,nan,Asia-Pacific
ORD-1035,2024-04-28,CUST-172,PROD_03,1.0,COD,nan
ORD-1036,2024-02-04,CUST-117,PROD_999,4.0,Bank Transfer,europe
ORD-1037,2024-04-03,CUST-231,PROD_02,3.0,COD,N. America
ORD-1038,2024-04-04,CUST-188,PROD_08,3.0,Cash on Delivery,nan
ORD-1039,2024-02-18,CUST-159,PROD_03,1.0,COD,N. America
ORD-1040,2024-03-09,CUST-113,PROD_10,1.0,Cash on Delivery,nan
ORD-1041,2024-03-02,CUST-108,INVALID_ID,2.0,COD,asia
ORD-1042,2024-02-29,CUST-189,PROD_06,2.0,nan,nan
ORD-1043,2024-04-17,CUST-152,PROD_10,1.0,CC,nan
ORD-1044,2024-02-19,CUST-229,PROD_01,3.0,nan,nan
ORD-1045,2024-03-18,CUST-183,PROD_10,,paypal,north america
ORD-1046,2024-04-26,CUST-191,PROD_03,3.0,wire transfer,North America
ORD-1047,2024-04-29,CUST-210,PROD_999,3.0,wire transfer,APAC
ORD-1048,2024-03-15,CUST-107,PROD_01,0.0,PayPal,north america
ORD-1049,2024-01-09,CUST-134,PROD_07,1.0,nan,Asia-Pacific
ORD-1050,2024-02-03,CUST-180,PROD_09,2.0,nan,APAC
ORD-1051,2024-03-16,CUST-149,PROD_03,0.0,Credit Card,N. America
ORD-1052,2024-04-08,CUST-203,PROD_03,1.0,Credit Card,Asia-Pacific
ORD-1053,2024-02-04,CUST-231,PROD_01,3.0,PayPal,APAC
ORD-1054,2024-01-01,CUST-101,PROD_04,2.0,PalPay,asia
ORD-1055,2024-02-09,CUST-233,PROD_07,2.0,wire transfer,asia
ORD-1056,2024-03-04,CUST-153,PROD_02,3.0,PalPay,Europe
ORD-1057,2024-01-22,CUST-205,PROD_05,-1.0,Cash on Delivery,europe
ORD-1058,2024-02-29,CUST-103,PROD_01,3.0,Cash on Delivery,asia
ORD-1059,2024-03-04,CUST-153,PROD_10,1.0,credit card,N. America
ORD-1060,2024-04-02,CUST-245,PROD_02,5.0,COD,North America
ORD-1061,2024-03-12,CUST-143,PROD_04,1.0,Credit Card,NA
ORD-1062,2024-01-11,CUST-113,PROD_01,1.0,credit card,Europe
ORD-1063,2024-04-14,CUST-194,PROD_05,2.0,paypal,NA
ORD-1064,2024-04-10,CUST-147,PROD_10,2.0,PayPal,nan
ORD-1065,2024-01-14,CUST-114,PROD_05,2.0,PayPal,europe
ORD-1066,2024-02-29,CUST-139,PROD_02,-1.0,Cash on Delivery,APAC
ORD-1067,2024-01-30,CUST-181,PROD_09,3.0,nan,EU
ORD-1068,2024-02-04,CUST-210,PROD_09,2.0,wire transfer,asia
ORD-1069,2024-03-25,CUST-152,PROD_02,1.0,PalPay,North America
ORD-1070,2024-02-06,CUST-123,PROD_09,10.0,Credit Card,europe
ORD-1071,2024-01-05,CUST-223,PROD_999,10.0,credit card,NA
ORD-1072,2024-03-23,CUST-140,PROD_02,3.0,PalPay,Europe
ORD-1073,2024-03-18,CUST-114,PROD_09,1.0,nan,asia
ORD-1074,2024-01-26,CUST-144,PROD_08,1.0,credit card,N. America
ORD-1075,2024-03-02,CUST-164,PROD_06,1.0,COD,asia
ORD-1076,2024-01-04,CUST-188,PROD_01,1.0,paypal,Europe
ORD-1077,2024-03-29,CUST-170,PROD_01,1.0,paypal,Europe
ORD-1078,2024-04-18,CUST-108,PROD_10,-1.0,PalPay,EU
ORD-1079,2024-02-11,CUST-187,INVALID_ID,2.0,PalPay,asia
ORD-1080,2024-03-29,CUST-228,PROD_08,1.0,PalPay,asia
ORD-1081,2024-01-18,CUST-235,PROD_05,1.0,credit card,nan
ORD-1082,2024-02-09,CUST-162,PROD_08,1.0,COD,EU
ORD-1083,2024-03-12,CUST-238,PROD_07,1.0,CC,Asia-Pacific
ORD-1084,2024-02-08,CUST-180,PROD_05,1.0,PalPay,Asia-Pacific
ORD-1085,2024-04-13,CUST-235,PROD_01,1.0,wire transfer,nan
ORD-1086,2024-01-14,CUST-132,PROD_10,3.0,nan,APAC
ORD-1087,2024-02-01,CUST-222,PROD_05,0.0,Credit Card,Asia-Pacific
ORD-1088,2024-02-20,CUST-104,PROD_10,1.0,Credit Card,nan
ORD-1089,2024-02-07,CUST-140,PROD_03,2.0,nan,north america
ORD-1090,2024-04-06,CUST-127,PROD_01,4.0,credit card,asia
ORD-1091,2024-01-23,CUST-234,PROD_02,1.0,nan,nan
ORD-1092,2024-03-03,CUST-171,PROD_06,1.0,PalPay,North America
ORD-1093,2024-01-15,CUST-111,PROD_999,5.0,Cash on Delivery,asia
ORD-1094,2024-04-06,CUST-132,PROD_02,1.0,PayPal,north america
ORD-1095,2024-01-25,CUST-147,PROD_10,2.0,CC,north america
ORD-1096,2024-01-17,CUST-161,PROD_06,2.0,wire transfer,NA
ORD-1097,2024-04-06,CUST-136,PROD_10,1.0,nan,asia
ORD-1098,2024-04-20,CUST-198,PROD_04,1.0,COD,europe
ORD-1099,2024-04-28,CUST-203,PROD_10,3.0,Cash on Delivery,north america
ORD-1100,2024-03-06,CUST-134,PROD_09,1.0,nan,North America
ORD-1101,2024-03-18,CUST-200,PROD_03,1.0,paypal,EU
ORD-1102,2024-02-22,CUST-230,PROD_02,3.0,Cash on Delivery,APAC
ORD-1103,2024-04-13,CUST-100,PROD_10,2.0,credit card,NA
ORD-1104,2024-04-13,CUST-104,INVALID_ID,1.0,CC,EU
ORD-1105,2024-02-20,CUST-241,PROD_01,5.0,Bank Transfer,NA
ORD-1106,2024-02-08,CUST-202,PROD_09,1.0,Bank Transfer,North America
ORD-1107,2024-02-20,CUST-126,PROD_999,4.0,PalPay,Europe
ORD-1108,2024-03-10,CUST-236,PROD_10,3.0,PalPay,asia
ORD-1109,2024-01-06,CUST-114,INVALID_ID,2.0,credit card,nan
ORD-1110,2024-03-07,CUST-189,PROD_09,2.0,COD,N. America
ORD-1111,2024-01-07,CUST-141,PROD_05,0.0,PalPay,europe
ORD-1112,2024-02-20,CUST-223,PROD_04,1.0,PayPal,EU
ORD-1113,2024-03-12,CUST-162,PROD_04,3.0,CC,asia
ORD-1114,2024-02-11,CUST-195,PROD_09,1.0,nan,europe
ORD-1115,2024-03-04,CUST-151,PROD_09,1.0,credit card,Europe
ORD-1116,2024-04-25,CUST-195,PROD_03,1.0,Credit Card,N. America
ORD-1117,2024-01-15,CUST-231,PROD_10,-1.0,nan,europe
ORD-1118,2024-04-20,CUST-242,PROD_08,0.0,nan,europe
ORD-1119,2024-01-29,CUST-128,PROD_07,1.0,paypal,EU
ORD-1120,2024-02-02,CUST-135,PROD_06,1.0,credit card,Asia-Pacific
ORD-1121,2024-04-25,CUST-112,PROD_07,3.0,credit card,N. America
ORD-1122,2024-04-03,CUST-170,PROD_02,2.0,Bank Transfer,asia
ORD-1123,2024-04-12,CUST-185,PROD_03,1.0,wire transfer,Europe
ORD-1124,2024-01-27,CUST-127,PROD_02,3.0,COD,N. America
ORD-1125,2024-02-05,CUST-165,PROD_02,2.0,wire transfer,North America
ORD-1126,2024-01-29,CUST-144,PROD_06,,PayPal,Asia-Pacific
ORD-1127,2024-02-07,CUST-161,PROD_06,1.0,Credit Card,North America
ORD-1128,2024-02-26,CUST-233,PROD_01,2.0,nan,Europe
ORD-1129,2024-04-06,CUST-127,PROD_09,2.0,Bank Transfer,EU
ORD-1130,2024-04-10,CUST-127,PROD_04,3.0,Credit Card,EU
ORD-1131,2024-01-27,CUST-207,PROD_999,2.0,nan,Europe
ORD-1132,2024-02-24,CUST-143,INVALID_ID,2.0,PayPal,NA
ORD-1133,2024-02-02,CUST-183,PROD_03,1.0,wire transfer,Europe
ORD-1134,2024-03-08,CUST-129,PROD_06,4.0,credit card,Asia-Pacific
ORD-1135,2024-03-26,CUST-174,PROD_01,2.0,PalPay,north america
ORD-1136,2024-03-06,CUST-227,PROD_07,1.0,PalPay,EU
ORD-1137,2024-01-10,CUST-191,PROD_07,3.0,Cash on Delivery,APAC
ORD-1138,2024-01-05,CUST-228,PROD_03,1.0,paypal,Asia-Pacific
ORD-1139,2024-03-14,CUST-220,PROD_07,1.0,COD,nan
ORD-1140,2024-04-06,CUST-126,PROD_03,5.0,PayPal,Asia-Pacific
ORD-1141,2024-04-27,CUST-220,PROD_02,2.0,paypal,Asia-Pacific
ORD-1142,2024-02-07,CUST-215,PROD_08,3.0,COD,europe
ORD-1143,2024-01-13,CUST-102,PROD_04,1.0,nan,Asia-Pacific
ORD-1144,2024-01-31,CUST-202,PROD_07,3.0,paypal,EU
ORD-1145,2024-02-16,CUST-236,PROD_05,1.0,wire transfer,north america
ORD-1146,2024-04-09,CUST-161,INVALID_ID,1.0,COD,north america
ORD-1147,2024-04-18,CUST-150,PROD_02,0.0,wire transfer,Asia-Pacific
ORD-1148,2024-03-28,CUST-158,PROD_06,3.0,credit card,nan
ORD-1149,2024-02-21,CUST-217,PROD_08,2.0,Bank Transfer,North America
ORD-1150,2024-02-25,CUST-195,PROD_05,1.0,wire transfer,EU
ORD-1151,2024-01-15,CUST-212,INVALID_ID,5.0,nan,EU
ORD-1152,2024-01-29,CUST-161,PROD_09,2.0,PalPay,nan
ORD-1153,2024-01-08,CUST-151,PROD_08,3.0,paypal,N. America
ORD-1154,2024-01-05,CUST-111,PROD_09,3.0,nan,nan
ORD-1155,2024-01-29,CUST-138,INVALID_ID,1.0,Cash on Delivery,nan
ORD-1156,2024-02-16,CUST-229,PROD_999,1.0,CC,asia
ORD-1157,2024-03-08,CUST-230,PROD_09,3.0,COD,NA
ORD-1158,2024-03-16,CUST-212,PROD_09,1.0,PayPal,nan
ORD-1159,2024-02-14,CUST-200,PROD_02,1.0,Cash on Delivery,NA
ORD-1160,2024-01-02,CUST-212,PROD_02,-1.0,PalPay,North America
ORD-1161,2024-01-27,CUST-180,PROD_07,2.0,wire transfer,NA
ORD-1162,2024-04-04,CUST-212,PROD_01,3.0,Bank Transfer,N. America
ORD-1163,2024-04-24,CUST-101,PROD_06,2.0,nan,nan
ORD-1164,2024-04-24,CUST-229,PROD_03,2.0,credit card,nan
ORD-1165,2024-02-05,CUST-153,PROD_04,1.0,CC,Europe
ORD-1166,2024-02-05,CUST-186,PROD_09,1.0,Credit Card,NA
ORD-1167,2024-01-26,CUST-228,PROD_999,1.0,Cash on Delivery,EU
ORD-1168,2024-02-12,CUST-246,PROD_01,1.0,Bank Transfer,nan
ORD-1169,2024-01-27,CUST-225,PROD_06,3.0,Credit Card,Europe
ORD-1170,2024-03-09,CUST-229,PROD_10,1.0,CC,NA
ORD-1171,2024-01-20,CUST-152,PROD_01,2.0,PayPal,EU
ORD-1172,2024-01-11,CUST-167,PROD_10,1.0,PayPal,EU
ORD-1173,2024-03-14,CUST-222,PROD_04,1.0,paypal,Asia-Pacific
ORD-1174,2024-04-13,CUST-244,PROD_04,2.0,CC,north america
ORD-1175,2024-02-07,CUST-137,INVALID_ID,1.0,CC,North America
ORD-1176,2024-01-06,CUST-123,PROD_03,1.0,Credit Card,N. America
ORD-1177,2024-03-12,CUST-168,PROD_08,1.0,Bank Transfer,europe
ORD-1178,2024-01-23,CUST-215,PROD_10,1.0,nan,nan
ORD-1179,2024-02-16,CUST-197,PROD_01,3.0,COD,asia
ORD-1180,2024-03-30,CUST-238,PROD_08,1.0,Credit Card,NA
ORD-1181,2024-02-15,CUST-243,INVALID_ID,1.0,credit card,NA
ORD-1182,2024-04-16,CUST-196,PROD_02,2.0,PayPal,Europe
ORD-1183,2024-01-12,CUST-223,PROD_10,1.0,PayPal,Europe
ORD-1184,2024-03-30,CUST-169,PROD_07,5.0,paypal,asia
ORD-1185,2024-01-13,CUST-192,PROD_07,2.0,nan,NA
ORD-1186,2024-04-13,CUST-102,PROD_07,2.0,credit card,APAC
ORD-1187,2024-03-02,CUST-247,PROD_04,2.0,PayPal,N. America
ORD-1188,2024-03-22,CUST-246,PROD_999,1.0,Credit Card,NA
ORD-1189,2024-03-29,CUST-189,PROD_999,2.0,credit card,nan
ORD-1190,2024-04-06,CUST-246,PROD_07,1.0,Credit Card,north america
ORD-1191,2024-04-20,CUST-247,PROD_09,5.0,COD,asia
ORD-1192,2024-04-13,CUST-195,PROD_07,1.0,COD,nan
ORD-1193,2024-02-29,CUST-151,PROD_06,2.0,PayPal,APAC
ORD-1194,2024-02-12,CUST-227,PROD_08,2.0,PayPal,N. America
ORD-1195,2024-03-16,CUST-138,PROD_07,1.0,Bank Transfer,NA
ORD-1196,2024-04-17,CUST-181,PROD_07,1.0,COD,europe
ORD-1197,2024-04-09,CUST-203,PROD_09,3.0,nan,Asia-Pacific
ORD-1198,2024-04-21,CUST-228,PROD_06,4.0,nan,nan
ORD-1199,2024-03-08,CUST-110,PROD_01,1.0,Cash on Delivery,north america
ORD-1200,2024-01-05,CUST-141,PROD_02,3.0,Cash on Delivery,europe
ORD-1201,2024-04-29,CUST-198,PROD_05,0.0,paypal,Europe
ORD-1202,2024-02-06,CUST-106,PROD_09,5.0,COD,nan
ORD-1203,2024-03-12,CUST-243,PROD_07,1.0,Credit Card,Europe
ORD-1204,2024-04-15,CUST-189,PROD_08,3.0,Credit Card,NA
ORD-1205,2024-04-22,CUST-211,PROD_06,1.0,PalPay,Europe
ORD-1206,2024-04-01,CUST-159,PROD_07,,credit card,north america
ORD-1207,2024-01-31,CUST-212,PROD_04,2.0,wire transfer,N. America
ORD-1208,2024-01-09,CUST-101,PROD_06,1.0,Cash on Delivery,EU
ORD-1209,2024-04-27,CUST-228,PROD_09,3.0,PayPal,North America
ORD-1210,2024-02-20,CUST-147,PROD_10,1.0,paypal,asia
ORD-1211,2024-01-29,CUST-239,PROD_05,,nan,N. America
ORD-1212,2024-03-18,CUST-136,PROD_01,0.0,wire transfer,EU
ORD-1213,2024-02-09,CUST-108,PROD_02,3.0,CC,APAC
ORD-1214,2024-02-10,CUST-198,PROD_01,1.0,paypal,nan
ORD-1215,2024-03-26,CUST-246,PROD_08,3.0,CC,nan
ORD-1216,2024-01-11,CUST-147,PROD_04,1.0,COD,north america
ORD-1217,2024-01-23,CUST-230,PROD_07,1.0,CC,nan
ORD-1218,2024-01-01,CUST-247,PROD_06,4.0,CC,europe
ORD-1219,2024-02-15,CUST-153,PROD_01,1.0,Bank Transfer,EU
ORD-1220,2024-04-10,CUST-219,PROD_05,1.0,Bank Transfer,north america
ORD-1221,2024-01-21,CUST-215,PROD_03,0.0,Bank Transfer,Asia-Pacific
ORD-1222,2024-03-30,CUST-174,PROD_05,1.0,COD,europe
ORD-1223,2024-04-19,CUST-212,PROD_03,1.0,wire transfer,nan
ORD-1224,2024-02-05,CUST-203,PROD_10,10.0,paypal,Europe
ORD-1225,2024-02-23,CUST-183,PROD_02,1.0,paypal,Europe
ORD-1226,2024-03-27,CUST-211,INVALID_ID,3.0,PayPal,europe
ORD-1227,2024-02-26,CUST-198,PROD_05,,Bank Transfer,APAC
ORD-1228,2024-01-01,CUST-192,PROD_10,10.0,COD,nan
ORD-1229,2024-03-03,CUST-245,PROD_07,3.0,PayPal,APAC
ORD-1230,2024-02-23,CUST-227,PROD_09,1.0,credit card,APAC
ORD-1231,2024-02-24,CUST-209,PROD_09,1.0,PayPal,EU
ORD-1232,2024-04-24,CUST-181,PROD_06,4.0,wire transfer,asia
ORD-1233,2024-02-09,CUST-153,PROD_07,5.0,Cash on Delivery,EU
ORD-1234,2024-01-15,CUST-167,PROD_06,2.0,CC,NA
ORD-1235,2024-01-21,CUST-132,PROD_07,1.0,Bank Transfer,North America
ORD-1236,2024-02-16,CUST-241,PROD_01,1.0,Cash on Delivery,europe
ORD-1237,2024-03-13,CUST-120,PROD_05,1.0,nan,N. America
ORD-1238,2024-02-22,CUST-147,PROD_07,3.0,PayPal,North America
ORD-1239,2024-01-09,CUST-247,PROD_07,2.0,COD,Asia-Pacific
ORD-1240,2024-03-14,CUST-227,PROD_09,10.0,CC,EU
ORD-1241,2024-02-21,CUST-235,PROD_08,3.0,paypal,EU
ORD-1242,2024-02-26,CUST-234,INVALID_ID,1.0,Credit Card,north america
ORD-1243,2024-04-26,CUST-244,PROD_04,2.0,CC,North America
ORD-1244,2024-01-26,CUST-227,PROD_04,2.0,wire transfer,north america
ORD-1245,2024-02-10,CUST-132,PROD_05,2.0,nan,N. America
ORD-1246,2024-02-04,CUST-214,PROD_06,3.0,wire transfer,north america
ORD-1247,2024-03-03,CUST-218,PROD_10,4.0,PayPal,North America
ORD-1248,2024-04-25,CUST-121,PROD_03,4.0,credit card,europe
ORD-1249,2024-01-25,CUST-137,PROD_09,1.0,wire transfer,nan
ORD-1250,2024-03-30,CUST-208,PROD_05,1.0,wire transfer,nan
ORD-1251,2024-03-15,CUST-150,PROD_07,3.0,COD,Asia-Pacific
ORD-1252,2024-02-07,CUST-107,PROD_08,1.0,PayPal,EU
ORD-1253,2024-01-02,CUST-126,PROD_05,1.0,CC,N. America
ORD-1254,2024-01-07,CUST-126,PROD_06,1.0,credit card,EU
ORD-1255,2024-03-22,CUST-120,PROD_05,3.0,Cash on Delivery,NA
ORD-1256,2024-03-31,CUST-129,PROD_01,1.0,Credit Card,Asia-Pacific
ORD-1257,2024-02-03,CUST-196,PROD_05,3.0,Bank Transfer,asia
ORD-1258,2024-03-31,CUST-127,PROD_02,,paypal,north america
ORD-1259,2024-01-17,CUST-210,PROD_05,1.0,wire transfer,Europe
ORD-1260,2024-02-12,CUST-160,PROD_07,1.0,PayPal,North America
ORD-1261,2024-02-28,CUST-147,PROD_07,1.0,Bank Transfer,EU
ORD-1262,2024-04-17,CUST-246,PROD_08,5.0,paypal,north america
ORD-1263,2024-02-20,CUST-103,PROD_02,1.0,paypal,N. America
ORD-1264,2024-02-23,CUST-134,PROD_08,1.0,Cash on Delivery,EU
ORD-1265,2024-01-24,CUST-148,PROD_04,1.0,Cash on Delivery,asia
ORD-1266,2024-01-25,CUST-116,PROD_05,3.0,Cash on Delivery,nan
ORD-1267,2024-03-11,CUST-145,PROD_10,2.0,PalPay,Asia-Pacific
ORD-1268,2024-02-21,CUST-216,PROD_01,3.0,PalPay,Asia-Pacific
ORD-1269,2024-03-10,CUST-105,PROD_07,10.0,paypal,nan
ORD-1270,2024-04-26,CUST-198,PROD_07,1.0,Cash on Delivery,EU
ORD-1271,2024-03-28,CUST-223,PROD_05,4.0,COD,N. America
ORD-1272,2024-02-02,CUST-136,PROD_03,1.0,wire transfer,Asia-Pacific
ORD-1273,2024-02-18,CUST-123,PROD_03,5.0,Bank Transfer,Asia-Pacific
ORD-1274,2024-01-29,CUST-192,PROD_10,3.0,Bank Transfer,asia
ORD-1275,2024-03-03,CUST-145,PROD_05,5.0,PalPay,North America
ORD-1276,2024-04-16,CUST-194,PROD_04,1.0,paypal,N. America
ORD-1277,2024-01-22,CUST-198,PROD_05,1.0,PayPal,N. America
ORD-1278,2024-01-26,CUST-215,PROD_08,1.0,CC,europe
ORD-1279,2024-01-28,CUST-166,PROD_02,1.0,CC,nan
ORD-1280,2024-04-23,CUST-227,PROD_05,1.0,PalPay,europe
ORD-1281,2024-03-25,CUST-117,PROD_07,1.0,PayPal,nan
ORD-1282,2024-02-18,CUST-124,PROD_999,1.0,PalPay,Asia-Pacific
ORD-1283,2024-03-11,CUST-153,PROD_03,2.0,CC,nan
ORD-1284,2024-03-21,CUST-157,PROD_04,4.0,PayPal,Europe
ORD-1285,2024-03-24,CUST-166,PROD_05,2.0,Cash on Delivery,europe
ORD-1286,2024-04-14,CUST-203,PROD_07,1.0,paypal,Asia-Pacific
ORD-1287,2024-02-18,CUST-123,PROD_04,2.0,Bank Transfer,APAC
ORD-1288,2024-01-20,CUST-213,PROD_06,1.0,COD,NA
ORD-1289,2024-04-27,CUST-131,PROD_09,0.0,credit card,NA
ORD-1290,2024-03-26,CUST-185,PROD_08,1.0,paypal,N. America
ORD-1291,2024-04-01,CUST-226,PROD_05,3.0,Cash on Delivery,Europe
ORD-1292,2024-03-03,CUST-229,PROD_10,0.0,nan,asia
ORD-1293,2024-03-01,CUST-116,PROD_07,4.0,CC,North America
ORD-1294,2024-04-13,CUST-203,PROD_06,3.0,Cash on Delivery,europe
ORD-1295,2024-02-18,CUST-236,PROD_01,4.0,nan,APAC
ORD-1296,2024-03-11,CUST-142,INVALID_ID,,PalPay,Asia-Pacific
ORD-1297,2024-01-01,CUST-138,PROD_02,2.0,PayPal,Europe
ORD-1298,2024-04-05,CUST-125,PROD_03,2.0,Bank Transfer,N. America
ORD-1299,2024-01-13,CUST-198,PROD_01,2.0,wire transfer,europe
ORD-1300,2024-04-03,CUST-149,PROD_08,2.0,PalPay,Europe
ORD-1301,2024-03-27,CUST-112,PROD_03,2.0,paypal,europe
ORD-1302,2024-02-20,CUST-159,PROD_03,2.0,PalPay,North America
ORD-1303,2024-02-25,CUST-234,PROD_01,1.0,paypal,North America
ORD-1304,2024-03-23,CUST-156,PROD_02,1.0,wire transfer,asia
ORD-1305,2024-03-02,CUST-135,PROD_07,1.0,Credit Card,NA
ORD-1306,2024-02-01,CUST-119,PROD_08,1.0,nan,nan
ORD-1307,2024-01-30,CUST-164,PROD_05,1.0,Bank Transfer,north america
ORD-1308,2024-01-29,CUST-107,PROD_06,2.0,COD,north america
ORD-1309,2024-02-18,CUST-243,PROD_08,1.0,COD,europe
ORD-1310,2024-02-14,CUST-241,PROD_01,4.0,nan,asia
ORD-1311,2024-04-02,CUST-214,PROD_04,1.0,credit card,north america
ORD-1312,2024-01-30,CUST-242,INVALID_ID,1.0,Cash on Delivery,nan
ORD-1313,2024-01-16,CUST-191,PROD_07,3.0,Credit Card,N. America
ORD-1314,2024-02-09,CUST-197,PROD_03,2.0,nan,north america
ORD-1315,2024-01-19,CUST-165,PROD_06,1.0,COD,EU
ORD-1316,2024-01-18,CUST-131,PROD_04,5.0,PalPay,Asia-Pacific
ORD-1317,2024-01-01,CUST-185,PROD_06,5.0,Cash on Delivery,asia
ORD-1318,2024-03-18,CUST-150,PROD_02,1.0,Credit Card,N. America
ORD-1319,2024-04-24,CUST-162,PROD_02,1.0,PayPal,Europe
ORD-1320,2024-02-16,CUST-224,PROD_02,,PayPal,N. America
ORD-1321,2024-04-23,CUST-249,PROD_999,2.0,Cash on Delivery,NA
ORD-1322,2024-03-06,CUST-157,PROD_09,2.0,nan,Europe
ORD-1323,2024-04-27,CUST-157,PROD_02,4.0,paypal,APAC
ORD-1324,2024-04-01,CUST-185,PROD_03,1.0,paypal,Asia-Pacific
ORD-1325,2024-04-22,CUST-148,PROD_09,2.0,PalPay,Asia-Pacific
ORD-1326,2024-04-23,CUST-169,PROD_02,1.0,Credit Card,Asia-Pacific
ORD-1327,2024-04-03,CUST-114,PROD_03,3.0,Credit Card,Asia-Pacific
ORD-1328,2024-02-07,CUST-153,INVALID_ID,2.0,Cash on Delivery,europe
ORD-1329,2024-02-20,CUST-200,PROD_03,3.0,CC,Asia-Pacific
ORD-1330,2024-03-03,CUST-107,PROD_08,1.0,PayPal,nan
ORD-1331,2024-01-04,CUST-152,INVALID_ID,1.0,Credit Card,Asia-Pacific
ORD-1332,2024-01-01,CUST-159,PROD_05,2.0,Cash on Delivery,Asia-Pacific
ORD-1333,2024-01-08,CUST-207,PROD_01,3.0,wire transfer,asia
ORD-1334,2024-01-29,CUST-104,PROD_03,2.0,credit card,europe
ORD-1335,2024-02-24,CUST-202,PROD_10,1.0,wire transfer,North America
ORD-1336,2024-04-12,CUST-105,PROD_10,5.0,Bank Transfer,N. America
ORD-1337,2024-01-03,CUST-208,PROD_09,1.0,nan,N. America
ORD-1338,2024-02-01,CUST-215,PROD_02,0.0,PalPay,Europe
ORD-1339,2024-01-10,CUST-193,PROD_09,1.0,Credit Card,asia
ORD-1340,2024-03-14,CUST-146,PROD_999,3.0,Bank Transfer,EU
ORD-1341,2024-03-23,CUST-198,PROD_07,1.0,COD,N. America
ORD-1342,2024-04-19,CUST-154,PROD_999,10.0,Bank Transfer,north america
ORD-1343,2024-02-03,CUST-151,PROD_10,2.0,Cash on Delivery,EU
ORD-1344,2024-04-06,CUST-243,PROD_08,1.0,Credit Card,Asia-Pacific
ORD-1345,2024-03-27,CUST-112,PROD_07,1.0,credit card,Asia-Pacific
ORD-1346,2024-02-24,CUST-213,PROD_04,1.0,nan,europe
ORD-1347,2024-04-01,CUST-223,PROD_02,1.0,Cash on Delivery,EU
ORD-1348,2024-02-01,CUST-205,PROD_07,-1.0,Cash on Delivery,north america
ORD-1349,2024-02-19,CUST-246,PROD_04,2.0,PalPay,europe
ORD-1350,2024-01-07,CUST-244,PROD_10,3.0,PalPay,nan
ORD-1351,2024-04-02,CUST-219,INVALID_ID,2.0,PayPal,Europe
ORD-1352,2024-01-08,CUST-162,PROD_09,3.0,PayPal,EU
ORD-1353,2024-03-05,CUST-118,PROD_02,1.0,paypal,asia
ORD-1354,2024-02-26,CUST-191,PROD_04,1.0,CC,Asia-Pacific
ORD-1355,2024-04-28,CUST-157,PROD_02,3.0,Credit Card,Asia-Pacific
ORD-1356,2024-03-07,CUST-189,PROD_08,0.0,Credit Card,NA
ORD-1357,2024-03-28,CUST-216,PROD_09,1.0,Bank Transfer,europe
ORD-1358,2024-03-27,CUST-161,PROD_999,1.0,Credit Card,North America
ORD-1359,2024-02-28,CUST-122,PROD_05,2.0,Credit Card,North America
ORD-1360,2024-03-12,CUST-226,PROD_999,,CC,europe
ORD-1361,2024-02-23,CUST-236,PROD_10,1.0,COD,asia
ORD-1362,2024-04-20,CUST-239,PROD_04,2.0,PayPal,APAC
ORD-1363,2024-04-10,CUST-228,PROD_10,5.0,PayPal,europe
ORD-1364,2024-03-07,CUST-157,PROD_05,1.0,credit card,asia
ORD-1365,2024-02-20,CUST-221,PROD_04,1.0,Credit Card,Europe
ORD-1366,2024-04-06,CUST-100,PROD_08,2.0,CC,Asia-Pacific
ORD-1367,2024-04-01,CUST-133,PROD_04,10.0,nan,north america
ORD-1368,2024-04-20,CUST-195,PROD_08,1.0,PayPal,APAC
ORD-1369,2024-01-08,CUST-225,PROD_07,2.0,CC,EU
ORD-1370,2024-02-03,CUST-217,PROD_07,2.0,wire transfer,APAC
ORD-1371,2024-02-04,CUST-147,PROD_05,2.0,COD,north america
ORD-1372,2024-04-05,CUST-188,PROD_07,2.0,Credit Card,NA
ORD-1373,2024-03-28,CUST-216,PROD_07,2.0,credit card,Asia-Pacific
ORD-1374,2024-03-18,CUST-228,PROD_07,2.0,Bank Transfer,North America
ORD-1375,2024-02-01,CUST-115,PROD_05,2.0,PayPal,asia
ORD-1376,2024-04-29,CUST-168,PROD_01,2.0,wire transfer,europe
ORD-1377,2024-02-15,CUST-121,PROD_07,2.0,nan,europe
ORD-1378,2024-04-16,CUST-192,PROD_02,5.0,CC,North America
ORD-1379,2024-01-16,CUST-175,PROD_08,1.0,PalPay,APAC
ORD-1380,2024-03-08,CUST-243,PROD_09,4.0,Cash on Delivery,Asia-Pacific
ORD-1381,2024-04-25,CUST-185,PROD_06,4.0,Credit Card,N. America
ORD-1382,2024-02-06,CUST-128,PROD_07,1.0,Credit Card,asia
ORD-1383,2024-02-23,CUST-168,INVALID_ID,2.0,wire transfer,nan
ORD-1384,2024-03-25,CUST-146,PROD_10,2.0,CC,Europe
ORD-1385,2024-01-14,CUST-193,PROD_999,1.0,paypal,north america
ORD-1386,2024-04-04,CUST-243,PROD_10,1.0,Credit Card,APAC
ORD-1387,2024-02-24,CUST-184,PROD_02,1.0,paypal,EU
ORD-1388,2024-02-17,CUST-138,PROD_02,1.0,nan,NA
ORD-1389,2024-03-22,CUST-199,PROD_06,4.0,PalPay,europe
ORD-1390,2024-01-07,CUST-132,PROD_03,1.0,wire transfer,APAC
ORD-1391,2024-03-14,CUST-200,PROD_06,4.0,CC,NA
ORD-1392,2024-01-07,CUST-122,PROD_05,2.0,CC,north america
ORD-1393,2024-02-02,CUST-109,PROD_07,5.0,nan,europe
ORD-1394,2024-01-23,CUST-168,PROD_09,2.0,nan,europe
ORD-1395,2024-03-25,CUST-199,PROD_08,1.0,COD,N. America
ORD-1396,2024-01-19,CUST-133,PROD_06,3.0,Cash on Delivery,nan
ORD-1397,2024-04-21,CUST-237,PROD_10,1.0,PayPal,APAC
ORD-1398,2024-01-19,CUST-246,PROD_05,2.0,PayPal,Asia-Pacific
ORD-1399,2024-02-05,CUST-195,PROD_10,-1.0,Bank Transfer,North America
ORD-1400,2024-01-29,CUST-100,PROD_01,1.0,credit card,North America
ORD-1401,2024-02-29,CUST-168,INVALID_ID,1.0,wire transfer,Europe
ORD-1402,2024-03-22,CUST-103,PROD_08,3.0,PalPay,EU
ORD-1403,2024-01-02,CUST-115,PROD_05,5.0,CC,NA
ORD-1404,2024-01-01,CUST-123,PROD_03,3.0,Cash on Delivery,APAC
ORD-1405,2024-02-16,CUST-179,PROD_06,1.0,paypal,asia
ORD-1406,2024-03-09,CUST-101,PROD_03,3.0,wire transfer,EU
ORD-1407,2024-01-20,CUST-227,PROD_02,1.0,Bank Transfer,N. America
ORD-1408,2024-01-11,CUST-183,PROD_07,3.0,wire transfer,europe
ORD-1409,2024-04-15,CUST-239,PROD_06,0.0,Bank Transfer,Asia-Pacific
ORD-1410,2024-01-02,CUST-223,PROD_08,3.0,CC,APAC
ORD-1411,2024-03-07,CUST-132,PROD_999,5.0,credit card,nan
ORD-1412,2024-03-27,CUST-200,PROD_06,1.0,Bank Transfer,EU
ORD-1413,2024-04-28,CUST-111,PROD_07,3.0,CC,EU
ORD-1414,2024-01-12,CUST-166,PROD_01,4.0,CC,Asia-Pacific
ORD-1415,2024-01-20,CUST-164,PROD_08,1.0,credit card,Europe
ORD-1416,2024-01-05,CUST-173,PROD_05,5.0,PayPal,NA
ORD-1417,2024-02-06,CUST-142,INVALID_ID,1.0,wire transfer,NA
ORD-1418,2024-02-07,CUST-143,PROD_10,3.0,Credit Card,EU
ORD-1419,2024-04-03,CUST-128,PROD_06,4.0,Credit Card,north america
ORD-1420,2024-01-09,CUST-240,PROD_02,3.0,paypal,EU
ORD-1421,2024-04-07,CUST-111,PROD_10,1.0,nan,EU
ORD-1422,2024-02-22,CUST-194,PROD_09,2.0,paypal,Asia-Pacific
ORD-1423,2024-02-13,CUST-145,PROD_03,2.0,nan,europe
ORD-1424,2024-04-08,CUST-229,PROD_04,10.0,Credit Card,Asia-Pacific
ORD-1425,2024-04-25,CUST-134,PROD_09,2.0,PalPay,APAC
ORD-1426,2024-03-26,CUST-180,PROD_03,1.0,Credit Card,EU
ORD-1427,2024-04-17,CUST-189,PROD_999,3.0,paypal,NA
ORD-1428,2024-01-24,CUST-107,PROD_05,2.0,Cash on Delivery,asia
ORD-1429,2024-03-21,CUST-192,PROD_01,2.0,paypal,NA
ORD-1430,2024-03-14,CUST-189,PROD_10,2.0,PalPay,nan
ORD-1431,2024-01-30,CUST-214,PROD_05,5.0,wire transfer,North America
ORD-1432,2024-04-29,CUST-204,PROD_06,2.0,nan,nan
ORD-1433,2024-02-28,CUST-234,PROD_02,2.0,Credit Card,Europe
ORD-1434,2024-04-19,CUST-157,PROD_01,1.0,credit card,N. America
ORD-1435,2024-03-27,CUST-213,PROD_08,1.0,Cash on Delivery,APAC
ORD-1436,2024-04-05,CUST-174,PROD_06,1.0,CC,APAC
ORD-1437,2024-03-21,CUST-219,PROD_07,1.0,PalPay,Europe
ORD-1438,2024-04-23,CUST-120,PROD_09,2.0,paypal,asia
ORD-1439,2024-04-24,CUST-237,PROD_08,3.0,nan,N. America
ORD-1440,2024-03-21,CUST-200,PROD_02,2.0,credit card,europe
ORD-1441,2024-01-14,CUST-198,PROD_05,4.0,Bank Transfer,EU
ORD-1442,2024-01-09,CUST-135,PROD_999,,PayPal,N. America
ORD-1443,2024-02-09,CUST-195,PROD_09,4.0,Credit Card,asia
ORD-1444,2024-03-06,CUST-136,PROD_07,3.0,PayPal,north america
ORD-1445,2024-04-18,CUST-111,PROD_03,2.0,PalPay,North America
ORD-1446,2024-01-25,CUST-212,PROD_04,2.0,Bank Transfer,N. America
ORD-1447,2024-04-12,CUST-112,PROD_09,1.0,Bank Transfer,N. America
ORD-1448,2024-03-13,CUST-122,PROD_10,1.0,Bank Transfer,North America
ORD-1449,2024-04-27,CUST-198,PROD_08,10.0,CC,EU
ORD-1450,2024-01-22,CUST-204,PROD_09,4.0,PalPay,N. America
ORD-1451,2024-04-16,CUST-129,PROD_09,1.0,wire transfer,North America
ORD-1452,2024-04-19,CUST-116,PROD_02,2.0,PayPal,North America
ORD-1453,2024-01-04,CUST-212,PROD_05,4.0,wire transfer,North America
ORD-1454,2024-01-26,CUST-161,PROD_02,1.0,credit card,Asia-Pacific
ORD-1455,2024-02-27,CUST-183,PROD_03,1.0,COD,asia
ORD-1456,2024-01-29,CUST-211,PROD_10,5.0,Cash on Delivery,Asia-Pacific
ORD-1457,2024-04-18,CUST-185,PROD_06,2.0,Cash on Delivery,north america
ORD-1458,2024-04-07,CUST-240,PROD_06,1.0,wire transfer,nan
ORD-1459,2024-03-27,CUST-118,PROD_02,2.0,COD,europe
ORD-1460,2024-02-06,CUST-199,PROD_04,5.0,COD,Asia-Pacific
ORD-1461,2024-03-15,CUST-239,PROD_03,2.0,Credit Card,Asia-Pacific
ORD-1462,2024-03-10,CUST-246,PROD_03,1.0,credit card,nan
ORD-1463,2024-01-18,CUST-175,PROD_08,1.0,PalPay,asia
ORD-1464,2024-03-25,CUST-108,PROD_03,2.0,COD,nan
ORD-1465,2024-02-11,CUST-127,PROD_08,2.0,paypal,europe
ORD-1466,2024-04-09,CUST-227,PROD_01,3.0,Cash on Delivery,Europe
ORD-1467,2024-02-10,CUST-151,PROD_02,1.0,paypal,North America
ORD-1468,2024-02-07,CUST-182,PROD_04,5.0,credit card,APAC
ORD-1469,2024-02-03,CUST-210,PROD_07,1.0,COD,europe
ORD-1470,2024-01-17,CUST-243,PROD_08,1.0,PayPal,north america
ORD-1471,2024-02-06,CUST-216,PROD_05,1.0,Cash on Delivery,EU
ORD-1472,2024-01-25,CUST-168,PROD_05,1.0,Credit Card,north america
ORD-1473,2024-04-11,CUST-198,PROD_09,2.0,nan,North America
ORD-1474,2024-03-16,CUST-239,PROD_01,2.0,Credit Card,europe
ORD-1475,2024-03-27,CUST-124,PROD_04,1.0,Bank Transfer,north america
ORD-1476,2024-04-26,CUST-222,PROD_10,2.0,nan,north america
ORD-1477,2024-04-15,CUST-152,PROD_07,1.0,CC,nan
ORD-1478,2024-03-26,CUST-243,PROD_04,3.0,COD,Europe
ORD-1479,2024-03-25,CUST-156,PROD_999,-1.0,credit card,Europe
ORD-1480,2024-01-27,CUST-138,PROD_09,1.0,Cash on Delivery,europe
ORD-1481,2024-02-26,CUST-208,PROD_03,2.0,CC,North America
ORD-1482,2024-01-31,CUST-141,PROD_08,1.0,credit card,Asia-Pacific
ORD-1483,2024-01-06,CUST-241,PROD_07,1.0,wire transfer,NA
ORD-1484,2024-03-31,CUST-221,PROD_05,1.0,COD,N. America
ORD-1485,2024-02-09,CUST-232,PROD_05,3.0,PalPay,APAC
ORD-1486,2024-04-07,CUST-174,PROD_04,2.0,PalPay,N. America
ORD-1487,2024-01-12,CUST-245,PROD_07,1.0,COD,asia
ORD-1488,2024-04-18,CUST-175,PROD_05,4.0,nan,Europe
ORD-1489,2024-02-22,CUST-108,PROD_10,2.0,Bank Transfer,europe
ORD-1490,2024-03-11,CUST-173,PROD_08,4.0,Bank Transfer,N. America
ORD-1491,2024-01-10,CUST-244,PROD_01,2.0,nan,North America
ORD-1492,2024-02-14,CUST-106,PROD_08,2.0,PalPay,APAC
ORD-1493,2024-01-17,CUST-240,PROD_04,1.0,PayPal,N. America
ORD-1494,2024-01-26,CUST-236,PROD_07,1.0,nan,APAC
ORD-1495,2024-03-25,CUST-126,PROD_08,0.0,Cash on Delivery,EU
ORD-1496,2024-04-01,CUST-221,PROD_03,1.0,PalPay,North America
ORD-1497,2024-03-02,CUST-104,PROD_06,0.0,PayPal,NA
ORD-1498,2024-02-15,CUST-128,PROD_03,2.0,CC,nan
ORD-1499,2024-03-04,CUST-182,PROD_01,1.0,PayPal,north america
ORD-1500,2024-01-02,CUST-235,PROD_05,1.0,CC,APAC
ORD-1501,2024-02-23,CUST-208,PROD_05,1.0,credit card,North America
ORD-1502,2024-04-16,CUST-164,INVALID_ID,-1.0,paypal,APAC
ORD-1503,2024-03-05,CUST-185,PROD_05,2.0,credit card,APAC
ORD-1504,2024-02-20,CUST-244,PROD_04,1.0,PalPay,Asia-Pacific
ORD-1505,2024-02-22,CUST-170,PROD_07,1.0,CC,Asia-Pacific
ORD-1506,2024-02-05,CUST-144,PROD_01,1.0,PalPay,nan
ORD-1507,2024-04-24,CUST-231,INVALID_ID,2.0,nan,North America
ORD-1508,2024-01-26,CUST-135,PROD_08,1.0,COD,nan
ORD-1509,2024-01-29,CUST-169,PROD_09,4.0,Cash on Delivery,Asia-Pacific
ORD-1510,2024-01-21,CUST-118,PROD_02,1.0,Credit Card,asia
ORD-1511,2024-01-11,CUST-207,PROD_05,1.0,PalPay,NA
ORD-1512,2024-02-09,CUST-190,PROD_05,2.0,Cash on Delivery,nan
ORD-1513,2024-01-11,CUST-189,PROD_10,2.0,nan,europe
ORD-1514,2024-02-05,CUST-118,PROD_01,,PayPal,nan
ORD-1515,2024-04-22,CUST-138,PROD_04,2.0,nan,North America
ORD-1516,2024-02-28,CUST-225,INVALID_ID,1.0,credit card,North America
ORD-1517,2024-02-08,CUST-240,PROD_06,2.0,PayPal,asia
ORD-1518,2024-04-13,CUST-225,PROD_05,1.0,Credit Card,Europe
ORD-1519,2024-04-08,CUST-157,PROD_02,1.0,CC,Europe
ORD-1520,2024-02-23,CUST-247,INVALID_ID,0.0,COD,Asia-Pacific
ORD-1521,2024-04-07,CUST-160,PROD_01,3.0,Cash on Delivery,europe
ORD-1522,2024-02-24,CUST-226,PROD_09,,COD,Asia-Pacific
ORD-1523,2024-04-20,CUST-204,PROD_09,2.0,paypal,EU
ORD-1524,2024-01-24,CUST-100,PROD_03,2.0,nan,EU
ORD-1525,2024-04-27,CUST-230,PROD_08,1.0,PalPay,north america
ORD-1526,2024-01-22,CUST-191,PROD_02,1.0,CC,EU
ORD-1527,2024-03-09,CUST-212,PROD_03,4.0,paypal,Europe
ORD-1528,2024-02-25,CUST-155,PROD_09,1.0,nan,NA
ORD-1529,2024-02-02,CUST-216,PROD_10,4.0,wire transfer,EU
ORD-1530,2024-02-05,CUST-233,PROD_07,3.0,PalPay,Asia-Pacific
ORD-1531,2024-04-20,CUST-157,PROD_06,1.0,PayPal,APAC
ORD-1532,2024-01-20,CUST-143,PROD_02,2.0,credit card,North America
ORD-1533,2024-03-23,CUST-160,PROD_01,3.0,Cash on Delivery,NA
ORD-1534,2024-04-08,CUST-146,PROD_02,1.0,Credit Card,NA
ORD-1535,2024-04-25,CUST-248,PROD_03,4.0,Credit Card,nan
ORD-1536,2024-04-16,CUST-179,PROD_04,2.0,PayPal,Asia-Pacific
ORD-1537,2024-03-21,CUST-217,PROD_05,1.0,Bank Transfer,North America
ORD-1538,2024-03-02,CUST-246,PROD_04,2.0,Credit Card,Europe
ORD-1539,2024-04-18,CUST-119,PROD_03,,Cash on Delivery,NA
ORD-1540,2024-04-16,CUST-245,PROD_06,1.0,PayPal,north america
ORD-1541,2024-04-07,CUST-146,PROD_10,4.0,CC,Asia-Pacific
ORD-1542,2024-03-13,CUST-148,PROD_04,1.0,Credit Card,NA
ORD-1543,2024-01-26,CUST-113,PROD_999,3.0,COD,europe
ORD-1544,2024-03-06,CUST-242,PROD_10,3.0,PayPal,nan
ORD-1545,2024-04-26,CUST-100,PROD_02,1.0,Cash on Delivery,North America
ORD-1546,2024-03-13,CUST-216,PROD_09,1.0,COD,EU
ORD-1547,2024-03-13,CUST-153,PROD_07,3.0,PalPay,NA
ORD-1548,2024-02-09,CUST-217,PROD_07,2.0,PalPay,Asia-Pacific
ORD-1549,2024-01-17,CUST-102,PROD_05,3.0,Credit Card,EU
ORD-1550,2024-01-01,CUST-243,PROD_06,1.0,COD,north america
ORD-1551,2024-03-29,CUST-111,PROD_05,5.0,credit card,EU
ORD-1552,2024-03-01,CUST-173,PROD_06,3.0,nan,europe
ORD-1553,2024-02-12,CUST-115,PROD_07,10.0,PalPay,Europe
ORD-1554,2024-04-13,CUST-201,PROD_08,1.0,credit card,NA
ORD-1555,2024-02-11,CUST-216,PROD_06,2.0,CC,N. America
ORD-1556,2024-01-25,CUST-107,PROD_09,2.0,PayPal,N. America
ORD-1557,2024-02-08,CUST-221,PROD_02,1.0,nan,EU
ORD-1558,2024-02-04,CUST-191,PROD_03,2.0,paypal,asia
ORD-1559,2024-01-03,CUST-189,PROD_10,1.0,Cash on Delivery,North America
ORD-1560,2024-04-23,CUST-235,PROD_04,3.0,PayPal,nan
ORD-1561,2024-04-10,CUST-159,PROD_01,2.0,nan,N. America
ORD-1562,2024-04-17,CUST-127,PROD_02,1.0,Cash on Delivery,asia
ORD-1563,2024-02-13,CUST-200,PROD_03,3.0,nan,N. America
ORD-1564,2024-02-20,CUST-140,INVALID_ID,2.0,COD,asia
ORD-1565,2024-04-03,CUST-244,PROD_07,1.0,CC,North America
ORD-1566,2024-04-11,CUST-240,PROD_999,0.0,wire transfer,APAC
ORD-1567,2024-04-07,CUST-145,PROD_07,-1.0,Credit Card,N. America
ORD-1568,2024-01-12,CUST-134,PROD_06,2.0,nan,europe
ORD-1569,2024-01-19,CUST-233,PROD_04,1.0,Cash on Delivery,NA
ORD-1570,2024-04-10,CUST-181,PROD_07,3.0,Cash on Delivery,asia
ORD-1571,2024-02-13,CUST-214,PROD_02,2.0,COD,NA
ORD-1572,2024-02-28,CUST-146,PROD_10,1.0,credit card,Asia-Pacific
ORD-1573,2024-02-18,CUST-109,PROD_10,2.0,PayPal,Asia-Pacific
ORD-1574,2024-03-01,CUST-155,PROD_04,2.0,wire transfer,nan
ORD-1575,2024-01-17,CUST-129,INVALID_ID,2.0,Bank Transfer,North America
ORD-1576,2024-03-14,CUST-208,PROD_10,2.0,Credit Card,asia
ORD-1577,2024-02-26,CUST-104,PROD_08,2.0,paypal,north america
ORD-1578,2024-02-24,CUST-218,PROD_02,10.0,Bank Transfer,Asia-Pacific
ORD-1579,2024-04-22,CUST-132,PROD_06,1.0,PayPal,North America
ORD-1580,2024-02-16,CUST-217,PROD_06,3.0,Credit Card,Asia-Pacific
ORD-1581,2024-01-12,CUST-164,PROD_03,5.0,Cash on Delivery,Asia-Pacific
ORD-1582,2024-03-02,CUST-245,PROD_01,2.0,paypal,north america
ORD-1583,2024-03-20,CUST-110,PROD_09,2.0,nan,N. America
ORD-1584,2024-03-28,CUST-184,PROD_02,2.0,credit card,EU
ORD-1585,2024-03-23,CUST-125,PROD_07,2.0,wire transfer,nan
ORD-1586,2024-01-08,CUST-162,PROD_999,4.0,nan,APAC
ORD-1587,2024-04-04,CUST-185,PROD_10,2.0,credit card,Asia-Pacific
ORD-1588,2024-01-21,CUST-158,PROD_04,,CC,Asia-Pacific
ORD-1589,2024-03-21,CUST-126,PROD_10,1.0,COD,europe
ORD-1590,2024-03-27,CUST-197,PROD_01,1.0,Credit Card,APAC
ORD-1591,2024-04-10,CUST-204,PROD_01,2.0,nan,north america
ORD-1592,2024-04-27,CUST-198,PROD_07,1.0,credit card,NA
ORD-1593,2024-03-20,CUST-228,PROD_05,1.0,Bank Transfer,asia
ORD-1594,2024-03-10,CUST-248,PROD_05,1.0,COD,Asia-Pacific
ORD-1595,2024-03-12,CUST-154,PROD_07,1.0,credit card,EU
ORD-1596,2024-01-25,CUST-105,PROD_03,1.0,PalPay,asia
ORD-1597,2024-03-22,CUST-194,PROD_03,0.0,CC,APAC
ORD-1598,2024-03-29,CUST-232,PROD_06,1.0,PayPal,asia
ORD-1599,2024-01-12,CUST-201,PROD_09,3.0,nan,N. America
ORD-1600,2024-01-15,CUST-102,PROD_07,3.0,wire transfer,Asia-Pacific
ORD-1601,2024-02-28,CUST-122,PROD_04,-1.0,CC,asia
ORD-1602,2024-01-26,CUST-152,PROD_05,1.0,COD,NA
ORD-1603,2024-04-14,CUST-182,PROD_02,5.0,PalPay,NA
ORD-1604,2024-04-18,CUST-244,PROD_01,2.0,Credit Card,Asia-Pacific
ORD-1605,2024-01-26,CUST-184,PROD_09,2.0,Bank Transfer,Europe
ORD-1606,2024-02-16,CUST-177,PROD_03,2.0,wire transfer,NA
ORD-1607,2024-02-01,CUST-209,PROD_02,4.0,nan,asia
ORD-1608,2024-01-10,CUST-100,PROD_08,1.0,wire transfer,nan
ORD-1609,2024-01-16,CUST-150,PROD_07,3.0,CC,North America
ORD-1610,2024-03-11,CUST-103,PROD_08,2.0,COD,NA
ORD-1611,2024-01-17,CUST-212,PROD_03,3.0,Credit Card,APAC
ORD-1612,2024-01-23,CUST-131,PROD_03,,Cash on Delivery,Europe
ORD-1613,2024-01-26,CUST-133,PROD_03,1.0,PalPay,asia
ORD-1614,2024-03-25,CUST-191,PROD_02,,nan,north america
ORD-1615,2024-03-26,CUST-194,PROD_08,1.0,Cash on Delivery,europe
ORD-1616,2024-01-07,CUST-171,PROD_10,1.0,Bank Transfer,north america
ORD-1617,2024-01-14,CUST-138,PROD_09,1.0,Credit Card,N. America
ORD-1618,2024-03-19,CUST-217,PROD_09,1.0,Credit Card,europe
ORD-1619,2024-04-26,CUST-102,PROD_05,2.0,PalPay,N. America
ORD-1620,2024-01-07,CUST-222,PROD_08,1.0,paypal,europe
ORD-1621,2024-01-09,CUST-149,PROD_04,1.0,Cash on Delivery,europe
ORD-1622,2024-04-24,CUST-111,PROD_06,-1.0,credit card,North America
ORD-1623,2024-02-17,CUST-153,PROD_06,4.0,wire transfer,EU
ORD-1624,2024-03-12,CUST-232,PROD_02,4.0,nan,APAC
ORD-1625,2024-04-23,CUST-156,PROD_05,5.0,paypal,north america
ORD-1626,2024-02-28,CUST-244,INVALID_ID,3.0,credit card,NA
ORD-1627,2024-03-27,CUST-211,PROD_03,1.0,COD,asia
ORD-1628,2024-04-02,CUST-146,PROD_02,1.0,nan,Europe
ORD-1629,2024-03-22,CUST-184,PROD_05,3.0,nan,APAC
ORD-1630,2024-04-04,CUST-241,PROD_09,1.0,PalPay,N. America
ORD-1631,2024-04-03,CUST-165,PROD_07,3.0,COD,North America
ORD-1632,2024-04-25,CUST-174,PROD_08,1.0,wire transfer,N. America
ORD-1633,2024-02-08,CUST-202,PROD_03,1.0,PayPal,EU
ORD-1634,2024-04-08,CUST-137,PROD_07,2.0,credit card,Europe
ORD-1635,2024-01-18,CUST-149,PROD_04,2.0,nan,North America
ORD-1636,2024-02-28,CUST-197,PROD_10,2.0,paypal,N. America
ORD-1637,2024-04-15,CUST-181,PROD_07,3.0,credit card,EU
ORD-1638,2024-04-12,CUST-129,PROD_03,1.0,credit card,asia
ORD-1639,2024-01-17,CUST-178,PROD_01,1.0,PalPay,asia
ORD-1640,2024-01-14,CUST-190,PROD_01,5.0,nan,N. America
ORD-1641,2024-01-31,CUST-151,PROD_05,3.0,COD,APAC
ORD-1642,2024-01-24,CUST-178,PROD_03,1.0,Cash on Delivery,Europe
ORD-1643,2024-04-08,CUST-129,PROD_08,4.0,PayPal,Asia-Pacific
ORD-1644,2024-04-17,CUST-205,PROD_06,1.0,PalPay,APAC
ORD-1645,2024-02-29,CUST-150,PROD_03,2.0,Bank Transfer,asia
ORD-1646,2024-02-14,CUST-180,PROD_02,1.0,nan,Europe
ORD-1647,2024-04-07,CUST-232,PROD_02,3.0,PalPay,EU
ORD-1648,2024-01-03,CUST-128,PROD_10,3.0,wire transfer,North America
ORD-1649,2024-02-06,CUST-231,PROD_03,1.0,PayPal,nan
ORD-1650,2024-02-12,CUST-237,PROD_08,5.0,Credit Card,europe
ORD-1651,2024-02-09,CUST-244,PROD_10,2.0,Bank Transfer,N. America
ORD-1652,2024-03-30,CUST-173,PROD_07,1.0,CC,nan
ORD-1653,2024-02-24,CUST-116,PROD_10,1.0,PalPay,north america
ORD-1654,2024-03-27,CUST-183,PROD_05,1.0,credit card,Europe
ORD-1655,2024-04-17,CUST-168,INVALID_ID,1.0,Cash on Delivery,NA
ORD-1656,2024-02-08,CUST-133,PROD_02,2.0,Credit Card,EU
ORD-1657,2024-01-15,CUST-105,PROD_02,4.0,PalPay,Asia-Pacific
ORD-1658,2024-04-29,CUST-152,PROD_08,2.0,PalPay,europe
ORD-1659,2024-04-22,CUST-225,PROD_999,1.0,paypal,NA
ORD-1660,2024-01-04,CUST-142,PROD_09,1.0,paypal,Asia-Pacific
ORD-1661,2024-04-02,CUST-214,PROD_01,1.0,Credit Card,north america
ORD-1662,2024-03-26,CUST-210,PROD_04,2.0,COD,asia
ORD-1663,2024-01-25,CUST-179,PROD_999,3.0,paypal,APAC
ORD-1664,2024-01-13,CUST-194,PROD_03,1.0,credit card,N. America
ORD-1665,2024-03-22,CUST-217,PROD_09,3.0,Bank Transfer,North America
ORD-1666,2024-02-02,CUST-243,PROD_10,5.0,CC,Asia-Pacific
ORD-1667,2024-01-16,CUST-107,PROD_06,2.0,PayPal,europe
ORD-1668,2024-04-18,CUST-231,PROD_05,4.0,CC,nan
ORD-1669,2024-02-11,CUST-203,PROD_06,2.0,CC,Europe
ORD-1670,2024-04-17,CUST-231,PROD_03,2.0,PayPal,asia
ORD-1671,2024-03-06,CUST-124,PROD_10,2.0,paypal,Europe
ORD-1672,2024-02-24,CUST-195,PROD_06,2.0,Credit Card,europe
ORD-1673,2024-04-08,CUST-192,PROD_10,1.0,PayPal,Europe
ORD-1674,2024-02-11,CUST-160,PROD_02,1.0,nan,Asia-Pacific
ORD-1675,2024-02-03,CUST-221,INVALID_ID,1.0,wire transfer,nan
ORD-1676,2024-01-30,CUST-150,PROD_05,2.0,COD,EU
ORD-1677,2024-04-28,CUST-246,PROD_01,1.0,Bank Transfer,Europe
ORD-1678,2024-01-13,CUST-120,PROD_01,10.0,Cash on Delivery,APAC
ORD-1679,2024-01-13,CUST-104,PROD_09,3.0,paypal,nan
ORD-1680,2024-01-18,CUST-191,PROD_08,2.0,COD,north america
ORD-1681,2024-02-01,CUST-160,PROD_09,1.0,PayPal,North America
ORD-1682,2024-04-05,CUST-121,PROD_02,5.0,wire transfer,Asia-Pacific
ORD-1683,2024-04-08,CUST-248,PROD_01,4.0,Cash on Delivery,NA
ORD-1684,2024-02-08,CUST-169,PROD_06,3.0,Bank Transfer,nan
ORD-1685,2024-02-15,CUST-100,PROD_05,1.0,Bank Transfer,europe
ORD-1686,2024-04-25,CUST-232,PROD_06,2.0,paypal,asia
ORD-1687,2024-01-29,CUST-111,INVALID_ID,1.0,PayPal,nan
ORD-1688,2024-03-02,CUST-189,INVALID_ID,1.0,COD,Asia-Pacific
ORD-1689,2024-04-22,CUST-145,PROD_999,3.0,Credit Card,EU
ORD-1690,2024-04-02,CUST-133,PROD_09,3.0,COD,asia
ORD-1691,2024-03-02,CUST-177,PROD_04,2.0,COD,APAC
ORD-1692,2024-04-26,CUST-144,PROD_05,5.0,Bank Transfer,europe
ORD-1693,2024-04-17,CUST-172,PROD_07,2.0,Credit Card,asia
ORD-1694,2024-02-26,CUST-125,PROD_10,2.0,Credit Card,Europe
ORD-1695,2024-01-16,CUST-146,PROD_01,1.0,paypal,Asia-Pacific
ORD-1696,2024-02-25,CUST-220,PROD_05,-1.0,Cash on Delivery,north america
ORD-1697,2024-04-17,CUST-155,PROD_01,1.0,PalPay,europe
ORD-1698,2024-04-20,CUST-193,PROD_06,-1.0,CC,N. America
ORD-1699,2024-01-10,CUST-206,PROD_10,4.0,CC,APAC
ORD-1700,2024-01-30,CUST-162,PROD_09,1.0,Bank Transfer,North America
ORD-1701,2024-01-25,CUST-147,PROD_03,2.0,PalPay,europe
ORD-1702,2024-04-12,CUST-160,INVALID_ID,5.0,Cash on Delivery,EU
ORD-1703,2024-03-24,CUST-180,PROD_08,2.0,PalPay,Asia-Pacific
ORD-1704,2024-01-05,CUST-125,PROD_01,10.0,paypal,Europe
ORD-1705,2024-03-05,CUST-135,PROD_03,-1.0,COD,North America
ORD-1706,2024-04-03,CUST-100,PROD_03,2.0,Bank Transfer,North America
ORD-1707,2024-02-18,CUST-107,PROD_01,1.0,Credit Card,APAC
ORD-1708,2024-01-03,CUST-212,INVALID_ID,-1.0,Bank Transfer,asia
ORD-1709,2024-02-14,CUST-198,PROD_06,3.0,CC,EU
ORD-1710,2024-01-14,CUST-146,PROD_10,1.0,Cash on Delivery,asia
ORD-1711,2024-04-29,CUST-226,PROD_04,1.0,PalPay,Europe
ORD-1712,2024-01-30,CUST-155,PROD_02,2.0,Cash on Delivery,North America
ORD-1713,2024-04-23,CUST-113,PROD_06,-1.0,paypal,EU
ORD-1714,2024-03-08,CUST-127,PROD_02,4.0,Bank Transfer,EU
ORD-1715,2024-01-18,CUST-177,PROD_06,3.0,PayPal,NA
ORD-1716,2024-03-02,CUST-229,PROD_999,1.0,Bank Transfer,Asia-Pacific
ORD-1717,2024-02-06,CUST-208,PROD_06,1.0,Credit Card,North America
ORD-1718,2024-01-25,CUST-113,PROD_07,5.0,Bank Transfer,North America
ORD-1719,2024-02-17,CUST-155,PROD_02,1.0,wire transfer,EU
ORD-1720,2024-03-05,CUST-214,PROD_01,1.0,paypal,asia
ORD-1721,2024-02-22,CUST-106,PROD_02,1.0,credit card,North America
ORD-1722,2024-04-19,CUST-102,PROD_07,3.0,paypal,EU
ORD-1723,2024-03-19,CUST-210,PROD_02,-1.0,PalPay,North America
ORD-1724,2024-03-13,CUST-206,PROD_05,1.0,credit card,EU
ORD-1725,2024-01-15,CUST-117,PROD_07,2.0,PalPay,NA
ORD-1726,2024-02-18,CUST-137,PROD_05,2.0,PalPay,Asia-Pacific
ORD-1727,2024-03-28,CUST-214,PROD_02,,Credit Card,EU
ORD-1728,2024-03-08,CUST-114,PROD_04,1.0,Credit Card,nan
ORD-1729,2024-01-12,CUST-218,PROD_999,2.0,nan,North America
ORD-1730,2024-02-28,CUST-127,PROD_08,1.0,COD,Europe
ORD-1731,2024-02-06,CUST-138,PROD_06,5.0,CC,Asia-Pacific
ORD-1732,2024-03-01,CUST-116,PROD_01,2.0,COD,NA
ORD-1733,2024-04-10,CUST-185,INVALID_ID,1.0,COD,EU
ORD-1734,2024-02-12,CUST-225,PROD_08,2.0,CC,Europe
ORD-1735,2024-03-10,CUST-143,PROD_04,3.0,PayPal,EU
ORD-1736,2024-02-08,CUST-124,PROD_10,1.0,credit card,asia
ORD-1737,2024-02-25,CUST-244,PROD_03,5.0,Cash on Delivery,North America
ORD-1738,2024-03-03,CUST-112,PROD_07,1.0,COD,europe
ORD-1739,2024-02-15,CUST-124,PROD_08,2.0,nan,APAC
ORD-1740,2024-03-28,CUST-167,PROD_03,2.0,Bank Transfer,north america
ORD-1741,2024-01-11,CUST-237,INVALID_ID,3.0,Bank Transfer,asia
ORD-1742,2024-03-02,CUST-166,PROD_09,1.0,PalPay,Europe
ORD-1743,2024-03-17,CUST-208,PROD_07,5.0,CC,asia
ORD-1744,2024-04-07,CUST-245,PROD_03,3.0,PalPay,N. America
ORD-1745,2024-01-25,CUST-210,PROD_01,2.0,wire transfer,EU
ORD-1746,2024-03-11,CUST-210,PROD_04,3.0,wire transfer,EU
ORD-1747,2024-02-21,CUST-133,PROD_09,3.0,nan,nan
ORD-1748,2024-01-04,CUST-210,PROD_03,1.0,Cash on Delivery,north america
ORD-1749,2024-02-28,CUST-107,PROD_06,1.0,Credit Card,north america
ORD-1750,2024-03-12,CUST-212,PROD_09,-1.0,Credit Card,N. America
ORD-1751,2024-01-20,CUST-182,PROD_02,1.0,CC,North America
ORD-1752,2024-04-02,CUST-141,PROD_08,3.0,CC,APAC
ORD-1753,2024-03-03,CUST-200,PROD_02,0.0,COD,europe
ORD-1754,2024-02-23,CUST-105,INVALID_ID,1.0,wire transfer,europe
ORD-1755,2024-04-26,CUST-125,PROD_06,3.0,COD,NA
ORD-1756,2024-04-24,CUST-163,PROD_02,2.0,Credit Card,nan
ORD-1757,2024-04-18,CUST-158,PROD_04,2.0,credit card,NA
ORD-1758,2024-04-19,CUST-208,PROD_05,1.0,credit card,North America
ORD-1759,2024-03-14,CUST-220,PROD_09,1.0,CC,NA
ORD-1760,2024-04-16,CUST-132,PROD_09,3.0,PalPay,NA
ORD-1761,2024-04-07,CUST-249,PROD_07,4.0,Credit Card,N. America
ORD-1762,2024-02-26,CUST-120,PROD_02,3.0,credit card,N. America
ORD-1763,2024-03-30,CUST-169,PROD_02,2.0,Credit Card,NA
ORD-1764,2024-02-10,CUST-211,PROD_02,1.0,paypal,asia
ORD-1765,2024-04-22,CUST-103,PROD_07,3.0,Bank Transfer,Asia-Pacific
ORD-1766,2024-01-03,CUST-193,PROD_10,1.0,wire transfer,Asia-Pacific
ORD-1767,2024-04-29,CUST-174,PROD_05,10.0,COD,North America
ORD-1768,2024-01-06,CUST-161,PROD_02,4.0,Credit Card,europe
ORD-1769,2024-01-05,CUST-193,PROD_07,3.0,Bank Transfer,nan
ORD-1770,2024-01-05,CUST-194,PROD_10,-1.0,paypal,north america
ORD-1771,2024-02-23,CUST-154,PROD_09,1.0,COD,North America
ORD-1772,2024-02-16,CUST-236,PROD_10,3.0,Credit Card,NA
ORD-1773,2024-03-27,CUST-230,PROD_04,1.0,CC,N. America
ORD-1774,2024-02-18,CUST-130,PROD_03,10.0,Bank Transfer,EU
ORD-1775,2024-01-09,CUST-139,PROD_10,1.0,COD,asia
ORD-1776,2024-04-08,CUST-135,PROD_08,3.0,Credit Card,Europe
ORD-1777,2024-01-20,CUST-105,PROD_04,5.0,Bank Transfer,N. America
ORD-1778,2024-04-22,CUST-165,PROD_09,1.0,paypal,Asia-Pacific
ORD-1779,2024-03-01,CUST-174,PROD_10,1.0,Credit Card,nan
ORD-1780,2024-04-15,CUST-103,PROD_07,3.0,Credit Card,N. America
ORD-1781,2024-02-04,CUST-178,PROD_08,2.0,Credit Card,asia
ORD-1782,2024-02-19,CUST-233,PROD_05,1.0,nan,north america
ORD-1783,2024-03-22,CUST-217,PROD_06,1.0,Cash on Delivery,NA
ORD-1784,2024-03-02,CUST-212,PROD_06,1.0,nan,EU
ORD-1785,2024-01-17,CUST-193,PROD_10,5.0,CC,Asia-Pacific
ORD-1786,2024-03-28,CUST-161,PROD_10,2.0,paypal,Asia-Pacific
ORD-1787,2024-01-03,CUST-178,PROD_10,1.0,nan,nan
ORD-1788,2024-02-01,CUST-235,PROD_01,1.0,COD,APAC
ORD-1789,2024-04-08,CUST-125,PROD_09,1.0,Cash on Delivery,europe
ORD-1790,2024-04-11,CUST-143,PROD_09,1.0,PalPay,north america
ORD-1791,2024-01-13,CUST-232,PROD_08,2.0,Cash on Delivery,Asia-Pacific
ORD-1792,2024-04-29,CUST-169,PROD_09,1.0,wire transfer,europe
ORD-1793,2024-04-20,CUST-217,PROD_10,1.0,wire transfer,Asia-Pacific
ORD-1794,2024-03-29,CUST-167,PROD_06,3.0,Credit Card,NA
ORD-1795,2024-03-13,CUST-118,PROD_06,1.0,Cash on Delivery,europe
ORD-1796,2024-03-08,CUST-119,PROD_02,2.0,PalPay,asia
ORD-1797,2024-01-14,CUST-212,PROD_05,2.0,Cash on Delivery,APAC
ORD-1798,2024-04-10,CUST-239,PROD_08,2.0,CC,NA
ORD-1799,2024-04-07,CUST-146,PROD_09,3.0,CC,asia
ORD-1696,2024-02-25,CUST-220,PROD_05,-1.0,Cash on Delivery,north america
ORD-1667,2024-01-16,CUST-107,PROD_06,2.0,PayPal,europe
ORD-1063,2024-04-14,CUST-194,PROD_05,2.0,paypal,NA
ORD-1533,2024-03-23,CUST-160,PROD_01,3.0,Cash on Delivery,NA
ORD-1066,2024-02-29,CUST-139,PROD_02,-1.0,Cash on Delivery,APAC
ORD-1621,2024-01-09,CUST-149,PROD_04,1.0,Cash on Delivery,europe
ORD-1346,2024-02-24,CUST-213,PROD_04,1.0,nan,europe
ORD-1490,2024-03-11,CUST-173,PROD_08,4.0,Bank Transfer,N. America
ORD-1760,2024-04-16,CUST-132,PROD_09,3.0,PalPay,NA
ORD-1456,2024-01-29,CUST-211,PROD_10,5.0,Cash on Delivery,Asia-Pacific
ORD-1065,2024-01-14,CUST-114,PROD_05,2.0,PayPal,europe
ORD-1286,2024-04-14,CUST-203,PROD_07,1.0,paypal,Asia-Pacific
ORD-1635,2024-01-18,CUST-149,PROD_04,2.0,nan,North America
ORD-1067,2024-01-30,CUST-181,PROD_09,3.0,nan,EU
ORD-1327,2024-04-03,CUST-114,PROD_03,3.0,Credit Card,Asia-Pacific
ORD-1395,2024-03-25,CUST-199,PROD_08,1.0,COD,N. America
ORD-1244,2024-01-26,CUST-227,PROD_04,2.0,wire transfer,north america
ORD-1377,2024-02-15,CUST-121,PROD_07,2.0,nan,europe
ORD-1610,2024-03-11,CUST-103,PROD_08,2.0,COD,NA
ORD-1526,2024-01-22,CUST-191,PROD_02,1.0,CC,EU
ORD-1658,2024-04-29,CUST-152,PROD_08,2.0,PalPay,europe
ORD-1529,2024-02-02,CUST-216,PROD_10,4.0,wire transfer,EU
ORD-1622,2024-04-24,CUST-111,PROD_06,-1.0,credit card,North America
ORD-1721,2024-02-22,CUST-106,PROD_02,1.0,credit card,North America
ORD-1360,2024-03-12,CUST-226,PROD_999,,CC,europe
ORD-1030,2024-01-09,CUST-163,PROD_10,1.0,nan,NA
ORD-1260,2024-02-12,CUST-160,PROD_07,1.0,PayPal,North America
ORD-1637,2024-04-15,CUST-181,PROD_07,3.0,credit card,EU
ORD-1746,2024-03-11,CUST-210,PROD_04,3.0,wire transfer,EU
ORD-1570,2024-04-10,CUST-181,PROD_07,3.0,Cash on Delivery,asia
ORD-1215,2024-03-26,CUST-246,PROD_08,3.0,CC,nan
ORD-1078,2024-04-18,CUST-108,PROD_10,-1.0,PalPay,EU
ORD-1578,2024-02-24,CUST-218,PROD_02,10.0,Bank Transfer,Asia-Pacific
ORD-1383,2024-02-23,CUST-168,INVALID_ID,2.0,wire transfer,nan
ORD-1039,2024-02-18,CUST-159,PROD_03,1.0,COD,N. America
ORD-1023,2024-01-02,CUST-188,PROD_999,1.0,wire transfer,North America
ORD-1692,2024-04-26,CUST-144,PROD_05,5.0,Bank Transfer,europe
ORD-1398,2024-01-19,CUST-246,PROD_05,2.0,PayPal,Asia-Pacific
ORD-1796,2024-03-08,CUST-119,PROD_02,2.0,PalPay,asia
ORD-1741,2024-01-11,CUST-237,INVALID_ID,3.0,Bank Transfer,asia
